,time,signal,type,query,choice
0,351.85254430770874,has_item,auditory,"295,148,658",0
1,353.7625720500946,has_item,auditory,"295,148,658",0
2,359.201397895813,has_item,auditory,"710,843,752",3
3,411.5186448097229,has_item,auditory,"645,843,752",0
