,time,signal,type,query,choice
0,96.78460693359375,has_item,visual,"1580,1238,5784",3
1,103.68270945549011,has_item,visual,"4562,43,1384",3
2,106.14062213897705,has_item,visual,"2226,2591,3936",3
3,107.69366216659546,has_item,visual,"2551,4125,5114",3
4,110.18098044395447,has_item,visual,"2310,856,4117",3
