,iters,loss
0,0,0.006876416139669351
1,143,0.004263454800719148
