,iters,loss
0,0,0.007870137691497803
1,127,0.006395149418688196
