,iters,loss
0,0,0.004638018958065488
1,218,0.0037442317249578075
