,iters,loss
0,0,0.004617468003303774
1,217,0.0041002389472750474
