,iters,loss
0,0,0.012056847582472132
1,705,0.011797754984375432
2,1410,0.011476212782217256
3,2115,0.011077829878380957
4,2820,0.010532334848498621
