,iters,loss
0,0,0.02910349555049382
1,705,0.02872058296879978
2,1410,0.028154754131398303
3,2115,0.0276313952520384
4,2820,0.026619863848314218
