,iters,loss
0,0,0.017013065273880114
1,705,0.016763793407602513
2,1410,0.016607277951341995
3,2115,0.016467668908707638
4,2820,0.01605420002700589
