,iters,loss
0,0,0.01626598217783595
1,676,0.016079245851590082
2,1352,0.015943748534783808
3,2028,0.01565260832479014
4,2704,0.01556984903897054
