,iters,loss
0,0,0.012221799590063434
1,705,0.011961633431996015
2,1410,0.01164842683372768
3,2115,0.01123661792024653
4,2820,0.010632810102286915
